-- 오리지널 코드




-- =========================================
-- 데이터
-- 주문, 애플리케이션 사용중 발생하는 데이터
-- 멤버, 상품에 의존성이 있다.
-- =========================================

-- 주문 메인
INSERT INTO ORDER_MAIN (MEMBER_ID, ORDER_DATE)
VALUES
    (1, '2024-12-01 10:35:00'),
    (2, '2024-12-02 11:15:00'),
    (3, '2024-12-03 14:45:00'),
    (4, '2024-12-04 16:20:00'),
    (5, '2024-12-05 09:10:00');

-- 주문 상세
INSERT INTO ORDER_DETAIL (ORDER_ID, PRODUCT_ID, AMOUNT)
VALUES
    (1, 1, 2),
    (1, 2, 1),
    (2, 3, 3),
    (3, 4, 1),
    (4, 5, 4);

-- 주문 상세 상태 변경 이력
INSERT INTO ORDER_DETAIL_STATUS (ORDER_DETAIL_ID, ORDER_STATUS_CODE_ID, ORDER_DATE)
VALUES
    (1, 1, '2024-12-01 10:45:00'),
    (2, 2, '2024-12-01 11:00:00'),
    (3, 3, '2024-12-02 13:30:00'),
    (4, 4, '2024-12-03 14:00:00'),
    (5, 5, '2024-12-04 15:10:00');


-- =========================================
-- 데이터
-- 배송, 애플리케이션 사용중 발생하는 데이터
-- 주문에 의존성이 있다.
-- =========================================

-- 주문 배송 메인
INSERT INTO ORDER_DELIVERY_MAIN (ORDER_MAIN_ID, DELIVERY_COMPANY_NAME, TRACKING_NUMBER, DELIVERY_REQUEST_NOTE)
VALUES
    (1, 'CJ대한통운', '1234567890', '빠른 배송 요청'),
    (2, '한진택배', '9876543210', '토요일 배송 희망'),
    (3, '로젠택배', '1122334455', '집앞에 놓아주세요'),
    (4, '우체국택배', '9988776655', '직접 수령'),
    (5, '쿠팡로지스틱스', '5566778899', '사무실로 배송');

-- 주문 배송 상태 변경 이력
INSERT INTO ORDER_DELIVERY_STATUS (ORDER_DELIVERY_MAIN_ID, DELIVERY_STATUS_CODE_ID, DELIVERY_DATE)
VALUES
    (1, 1, '2024-12-01 11:00:00'),
    (2, 2, '2024-12-02 12:30:00'),
    (3, 3, '2024-12-03 13:45:00'),
    (4, 4, '2024-12-04 14:20:00'),
    (5, 5, '2024-12-05 15:10:00');

-- =========================================
-- 데이터
-- 결제, 애플리케이션 사용중 발생하는 데이터
-- 주문에 의존성이 있다.
-- =========================================

-- 주문 결제 메인
INSERT INTO ORDER_PAYMENT_MAIN (ORDER_ID, TOTAL_AMOUNT)
VALUES
    (1, 50000),
    (2, 30000),
    (3, 45000),
    (4, 20000),
    (5, 60000);

-- 주문 결제 상세
INSERT INTO ORDER_PAYMENT_DETAIL (ORDER_PAYMENT_MAIN_ID, PAYMENT_METHOD_CODE_ID, ORDER_PAYMENT_STATUS_CODE_ID, PAYMENT_AMOUNT, PAYMENT_DATE, COMMENT)
VALUES
    (1, 1, 1, 50000, '2024-12-01 12:00:00', '신용카드 결제'),
    (2, 2, 2, 30000, '2024-12-02 14:00:00', '계좌이체 결제'),
    (3, 1, 3, 45000, '2024-12-03 15:30:00', '신용카드 결제, 할부 3개월'),
    (4, 3, 1, 20000, '2024-12-04 16:45:00', '휴대폰 결제'),
    (5, 2, 2, 60000, '2024-12-05 17:00:00', '계좌이체 결제');